id;name;description
1;contextually-based Home Loan Account Books;../fake-data/blob/hipster.txt
2;Stand-alone;../fake-data/blob/hipster.txt
3;relationships Refined Frozen Table Infrastructure;../fake-data/blob/hipster.txt
4;Assimilated Center;../fake-data/blob/hipster.txt
5;alarm Kansas utilize;../fake-data/blob/hipster.txt
6;Checking Account Engineer;../fake-data/blob/hipster.txt
7;exploit system e-services;../fake-data/blob/hipster.txt
8;synthesize;../fake-data/blob/hipster.txt
9;Sleek redefine digital;../fake-data/blob/hipster.txt
10;Pre-emptive;../fake-data/blob/hipster.txt
